"/fr/a/canon-ef-50mm-f-1.4-usm-1192464378/","Canon EF 50mm f/1.4 USM","185.00","2021-12-08"
"/fr/a/canon-ef-1.4-50-mm-filter-1192075310/","CANON EF 1.4 / 50 mm + FILTER","185.00","2021-12-08"
"/fr/a/canon-ef-50mm-1.8-stm-objektiv-vollforma-1192418982/","Canon EF 50mm 1.8 STM Objektiv Vollforma","97.00","2021-12-08"
"/fr/a/canon-festbrennweite-ef-50mm-f-1.4-1185334076/","Canon Festbrennweite EF 50mm f / 1.4","250.00","2021-12-08"
"/fr/a/canon-ef-s-18-200mm-f-3.5-5.6-is-1192186620/","Canon EF-S 18-200mm f/3.5-5.6 IS","195.00","2021-12-08"
"/fr/a/canon-ef-70-200mm-f-4-l-is-usm-1192374122/","Canon EF 70-200mm f/4 L IS USM","550.00","2021-12-08"
"/fr/a/canon-ef-200mm-1-2.8-l-ii-1192524070/","Canon EF 200mm 1:2.8 L II","529.00","2021-12-08"
"/fr/a/canon-objektiv-ef-300mm-f2.8-l-is-ii-usm-1192712492/","Canon Objektiv EF 300mm F2.8 L IS II USM","4'900.00","2021-12-08"
"/fr/a/canon-ef-85mm-f-1.8-usm-1192455226/","Canon EF 85mm f/1.8 USM","255.00","2021-12-08"
"/fr/a/canon-ef-100mm-f-2.8l-macro-is-usm-1192466814/","Canon EF 100mm f/2.8L Macro IS USM","650.00","2021-12-08"
"/fr/a/objektiv-canon-ef-28mm-f2.8-1192673324/","Objektiv Canon ef 28mm f2.8","230.00","2021-12-08"
"/fr/a/canon-ef-28mm-f-1.8-usm-1192751616/","Canon EF 28mm f/1.8 USM","270.00","2021-12-08"
"/fr/a/canon-ef-70-300-mm-f-4-5.6l-is-usm-1192584730/","Canon EF 70-300 mm f/4-5.6L IS USM","750.00","2021-12-08"
"/fr/a/canon-ef-16-35mm-f-2.8-l-ii-usm-1192441890/","Canon EF 16-35mm f/2.8 L II USM","815.00","2021-12-08"
"/fr/a/canon-objektiv-ef-100-400mm-f-4.5-5.6-1192249760/","CANON Objektiv EF 100-400mm, f/4.5-5.6","790.00","2021-12-08"
"/fr/a/canon-extender-ef-2.0x-extender-1192383280/","Canon Extender EF 2.0x Extender","215.00","2021-12-08"
"/fr/a/canon-ef-s-15-85mm-f-3.5-5.6-is-usm-1192384192/","Canon EF-S 15-85mm F/3.5-5.6 IS USM","215.00","2021-12-08"
"/fr/a/canon-zoom-lens-ef-80-200mm-1-4-5-5-6-i-1192217334/","Canon Zoom Lens EF  80-200mm 1:4,5-5,6 I","70.00","2021-12-08"
"/fr/a/canon-ef-24-70mm-f-4.0l-is-usm-1192463994/","Canon EF 24-70mm f/4.0L IS USM","495.00","2021-12-08"
"/fr/a/canon-ef-15mm-f-2.8-fisheye-weitwinkel-1192185992/","Canon EF 15mm F/2.8 Fisheye Weitwinkel","195.00","2021-12-08"
"/fr/a/canon-ef-75-300mm-f-4-5.6-iii-usm-1192463590/","Canon EF 75-300mm f/4-5.6 III USM","120.00","2021-12-08"
"/fr/a/canon-ef-55-200mm-f-4.5-5.6-usm-1192242270/","Canon EF 55-200mm f/4.5-5.6 USM","120.00","2021-12-08"
"/fr/a/canon-zoom-ef-100-200mm-f4.5-a-1192222376/","Canon Zoom EF 100-200mm F4.5 A","70.00","2021-12-08"
"/fr/a/canon-ef-s-15-85mm-f3.5-5.6-is-usm-1192080978/","Canon EF-S 15-85mm f3.5-5.6 IS USM","235.00","2021-12-08"
"/fr/a/canon-ef-20mm-f-2.8-usm-1192463448/","Canon EF 20mm f/2.8 USM","185.00","2021-12-08"
"/fr/a/canon-ef-s-18-55mm-f-3.5-5.6-is-ii-1192464374/","Canon EF-S 18-55mm f/3.5-5.6 IS II","70.00","2021-12-08"
"/fr/a/canon-ef-16-35-f-2.8l-ii-usm-1192233074/","Canon EF 16-35 f/2.8L II USM","1'400.00","2021-12-08"
"/fr/a/canon-ef-s-18-200mm-f-3.5-5.6-objektiv-1192462784/","Canon EF-S 18-200mm f/3.5-5.6 Objektiv","190.00","2021-12-08"
"/fr/a/objektiv-canon-ef-75-300mm-1-4-5.6-iii-1192688632/","Objektiv Canon EF 75-300mm 1:4-5.6 III","129.90","2021-12-08"
"/fr/a/canon-ef-70-300mm-1192762730/","Canon EF 70-300mm","299.00","2021-12-08"
"/fr/a/canon-ef-24-70mm-1-2.8-l-usm-1192812046/","Canon EF 24-70mm 1:2.8 L USM","529.00","2021-12-08"
"/fr/a/canon-ef-s-10-18mm-1192820518/","Canon EF-S 10-18mm","120.00","2021-12-08"
"/fr/a/canon-ef-s-10-18mm-1192820518/","Canon EF-S 10-18mm","120.00","2021-12-08"
"/fr/a/canon-ef-s-55-250mm-stm-1192820902/","Canon EF-S 55-250mm STM","130.00","2021-12-08"
"/fr/a/canon-ef-28-80mm-f3.5-5.6-usm-ultrasonic-1192784538/","Canon EF 28-80mm F3.5-5.6 USM Ultrasonic","120.00","2021-12-08"
"/fr/a/canon-ef-17-40mm-f4.0l-1192798006/","Canon EF 17-40mm f4.0L","400.00","2021-12-08"
"/fr/a/canon-ef-s-10-22mm-f3-5-4-5-1192798404/","Canon EF-S 10-22mm f3,5-4,5","400.00","2021-12-08"
"/fr/a/canon-ef-24-105mm-f-4l-is-usm-i-1192459132/","Canon EF 24-105mm f/4L IS USM I","390.00","2021-12-08"
"/fr/a/canon-objektiv-ef-s-18-200mm-f-3.5-5.6-1192265560/","Canon Objektiv EF-S 18-200mm, f/3.5-5.6","240.00","2021-12-08"
"/fr/a/canon-ef-24-85-1-3.5-4.5-usm-1192051582/","Canon  EF  24-85  1 : 3.5 - 4.5  USM","150.00","2021-12-08"
"/fr/a/canon-ef-17-40mm-f-4l-usm-1192523346/","Canon EF 17-40mm f/4L USM","399.00","2021-12-08"
"/fr/a/canon-ef-m-15-45mm-f-3.5-6.3-is-stm-1190835554/","Canon EF-M 15-45mm f/3.5-6.3 IS STM","200.00","2021-12-08"
"/fr/a/canon-ef-s-17-85mm-f-4-5.6-is-usm-1192616056/","Canon EF-S 17-85mm f/4-5.6 IS USM","100.00","2021-12-08"
"/fr/a/canon-ef-s-10-22mm-f-3.5-4.5-usm-1192464122/","Canon EF-S 10-22mm f/3.5-4.5 USM","220.00","2021-12-08"
"/fr/a/canon-ef-24-70mm-f2-8-l-i-usm-1192489476/","Canon EF 24-70mm f2,8 L I USM","798.00","2021-12-08"
"/fr/a/canon-ef-16-35mm-f-2.8l-iii-usm-1192445232/","Canon EF 16-35mm f/2.8L III USM","1'390.00","2021-12-08"
"/fr/a/canon-ef-s-60mm-makro-1191944812/","Canon  EF-S  60mm Makro","230.00","2021-12-08"
"/fr/a/canon-ef-100-f2.8-l-macro-1192576596/","Canon EF 100 f2.8 L Macro","650.00","2021-12-08"
"/fr/a/fotodiox-pro-canon-ef-sony-e-adapter-1192191552/","Fotodiox Pro Canon EF -- Sony E Adapter","49.95","2021-12-08"
"/fr/a/canon-ef-2x-iii-telekonverter-1192736990/","Canon EF 2x III Telekonverter","303.00","2021-12-08"
"/fr/a/canon-ef-70-300mm-f-4-5.6-is-ii-usm-1192580706/","Canon EF 70-300mm F/4-5.6 IS II USM","510.00","2021-12-08"
"/fr/a/canon-ef-50mm-f-1.8-ii-1190552364/","Canon EF 50mm f/1.8 II","120.00","2021-12-08"
"/fr/a/canon-ef-24-70mm-f-2.8l-ii-usm-1191175176/","Canon EF 24-70mm f/2.8L II USM","1'200.00","2021-12-08"
"/fr/a/canon-ef-14mm-f-2.8l-ii-usm-1190383436/","CANON EF 14mm f/2.8L II USM","1'200.00","2021-12-08"
"/fr/a/canon-ef-s-18-200-3.5-5.6-is-1191708702/","Canon EF-S 18-200 3.5-5.6 IS","150.00","2021-12-08"
"/fr/a/canon-macro-ef-s-35mm-2.8-mit-ringlicht-1191690200/","Canon Macro EF/s 35mm 2.8 mit Ringlicht","370.00","2021-12-08"
"/fr/a/canon-ef-50mm-1-1.8-mk1-1191734388/","Canon ef 50mm 1:1.8 Mk1","80.00","2021-12-08"
"/fr/a/canon-ef-70-200mm-f-2.8-l-is-usm-1191648986/","Canon EF 70-200mm F/2.8 L IS USM","275.00","2021-12-08"
"/fr/a/canon-fd-35mm-f2-ef-konventiert-1191817184/","Canon FD 35mm f2 EF konventiert","500.00","2021-12-08"
"/fr/a/canon-ef-70-200mm-f-4l-usm-1190927446/","Canon EF 70-200mm f/4L USM","500.00","2021-12-08"
"/fr/a/canon-ef-35-105mm-f-3-5-4-5-1190604608/","Canon EF 35-105mm f/3,5-4,5","65.00","2021-12-08"
"/fr/a/sigma-art-14mm-1.8-dg-hsm-fuer-canon-ef-1192667942/","Sigma Art 14mm 1.8 DG HSM für Canon EF","848.00","2021-12-08"
"/fr/a/canon-ef-38-76mm-f-4-5-5-6-1190603982/","CANON EF 38-76mm f/4,5-5,6","50.00","2021-12-08"
"/fr/a/canon-ef-s-10-18mm-1191689478/","Canon Ef/s 10-18mm","195.00","2021-12-08"
"/fr/a/canon-zoom-lens-ef-s-17-85mm-f-4-5-6-is-1190821964/","Canon Zoom Lens EF-S 17-85mm f/4-5,6 IS","139.00","2021-12-08"
"/fr/a/canon-ef-70-mm-300-mm-f-4.0-5.6-is-us-1190822242/","CANON EF 70 mm - 300 mm f/4.0-5.6 is US","239.00","2021-12-08"
"/fr/a/canon-ef-70-300mm-f-4.0-5.6-is-usm-1189582454/","Canon EF 70-300mm F/4.0-5.6 IS USM","215.00","2021-12-08"
"/fr/a/canon-ef-s-17-85mm-f-4.0-5.6-is-usm-1189583456/","Canon EF-S 17-85mm F/4.0-5.6 IS USM","95.00","2021-12-08"
"/fr/a/canon-extender-ef-2.0x-ii-extender-1189109154/","Canon Extender EF 2.0x II Extender","255.00","2021-12-08"
"/fr/a/canon-ef-70-200mm-f-2.8l-is-ii-usm-1189033426/","CANON EF 70-200mm F/2.8L IS II USM","1'100.00","2021-12-08"
"/fr/a/wunderobjektiv-canon-ef-28-70-f2.8-l-usm-1189903302/","Wunderobjektiv Canon EF 28-70 f2.8 L USM","699.00","2021-12-08"
"/fr/a/canon-ef-55-200mm-f-4.5-5.6-usm-1189471448/","Canon EF 55-200mm f/4.5-5.6 USM","89.00","2021-12-08"
"/fr/a/canon-ef-50-1.4-usm-diverse-adapter-1180715712/","Canon EF 50 / 1.4 USM + diverse Adapter","222.00","2021-12-08"
"/fr/a/canon-ef-50-1.8-kenko-extension-tube-1180704984/","Canon EF 50 /1.8 + Kenko extension tube","88.00","2021-12-08"
"/fr/a/canon-lens-ef-50mm-f1.8-1187196788/","Canon Lens EF 50mm F1.8","90.00","2021-12-08"
"/fr/a/canon-ef-85-mm-f-1.2l-usm-ii-objektiv-1187741608/","CANON EF 85 mm f/1.2L USM II Objektiv","1'399.00","2021-12-08"
"/fr/a/ef-100mm-2.8-l-is-usm-1187585002/","EF 100mm 2.8 L IS USM","749.00","2021-12-08"
"/fr/a/canon-et-83c-gegenlichtblende-ef-100-400-1160275800/","Canon ET-83C Gegenlichtblende EF 100-400","19.95","2021-12-08"
"/fr/a/canon-ef-28-1.8-usm-streulichtblende-1180703528/","Canon EF 28 / 1.8 USM + Streulichtblende","299.00","2021-12-08"
"/fr/a/canon-ef-28mm-f2.8-1187955584/","Canon EF 28mm f2.8","299.00","2021-12-08"
"/fr/a/canon-ef-70-200mm-f-4-l-is-usm-with-box-1131850852/","Canon EF 70-200mm f/4 L IS USM with box","650.00","2021-12-08"
"/fr/a/canon-ef-70-300mm-f-4-5.6l-is-usm-1186329690/","Canon EF 70-300mm f/4-5.6L IS USM","1'299.00","2021-12-08"
"/fr/a/canon-ef-s-18-135mm-1-3.5-5.6-is-stm-1176138246/","Canon EF-S 18-135mm 1:3.5-5.6 IS STM","149.90","2021-12-08"
"/fr/a/ef-14mm-2.8-l-usm-ii-1187584752/","EF 14mm 2.8 L USM II","899.00","2021-12-08"
"/fr/a/canon-ef-s-18-135mm-1-3.5-5.6-is-usm-1187865526/","Canon EF-S 18-135mm 1:3.5-5.6 IS USM","320.00","2021-12-08"
"/fr/a/canon-ef-m-55-200-mm-f-4-5-6-3-is-st-1182859748/","CANON EF-M 55 - 200 mm f/4,5 - 6,3 IS ST","220.00","2021-12-08"
"/fr/a/canon-ef-s-18-55mm-objektiv-1186687780/","Canon EF-S 18-55mm Objektiv","90.00","2021-12-08"
"/fr/a/canon-ef-24-85mm-zirkular-polfilter-1184489318/","Canon EF 24-85mm + Zirkular-Polfilter","300.00","2021-12-08"
"/fr/a/canon-ef-35-135mm-f-4.0-5.6-usm-objektiv-1180684440/","Canon EF 35-135mm F/4.0-5.6 USM Objektiv","115.00","2021-12-08"
"/fr/a/canon-ef-s-18-135mm-f-3.5-5.6-nano-is-1182893004/","Canon EF-S 18-135mm F/3.5-5.6 NANO IS","325.00","2021-12-08"
"/fr/a/canon-ef-s-15-85mm-f3.5-5.6-ungeoeffnet-1187168582/","Canon EF-S 15-85mm f3.5-5.6/ungeöffnet","500.00","2021-12-08"
"/fr/a/canon-ef-70-300mm-f-4.5-5.6-do-is-usm-1185374264/","Canon EF 70-300mm F/4.5-5.6 DO IS USM","455.00","2021-12-08"
"/fr/a/canon-ef-28-105-mm-usm-3-5-4-5-1186987410/","Canon EF 28-105 mm USM / 3,5-4,5","139.00","2021-12-08"
"/fr/a/canon-ef-28-105-mm-usm-3-5-4-5-1186987410/","Canon EF 28-105 mm USM / 3,5-4,5","139.00","2021-12-08"
"/fr/a/canon-ef-s-17-85mm-f-4-5.6-is-ultrasonic-1142661032/","Canon EF-S 17-85mm f/4-5.6 IS Ultrasonic","199.00","2021-12-08"
"/fr/a/canon-ef-m-15-45mm-f-3.5-6.3-is-stm-1188270978/","Canon EF-M 15-45mm F/3.5-6.3 IS STM","115.00","2021-12-08"
"/fr/a/canon%C2%A0ef-24-70mm-f-4.0l-is-usm-1176375774/","Canon EF 24-70mm f/4.0L IS USM","670.00","2021-12-08"
"/fr/a/canon-ef-s-60-mm-f-2.8-macro-usm-1186979804/","CANON EF-S 60 mm f/2.8 Macro USM","279.00","2021-12-08"
"/fr/a/canon-ef-80-200mm-f-4-5.6-1159100188/","Canon EF 80-200mm f/4-5.6","49.00","2021-12-08"
"/fr/a/canon-objektiv-ef-24-105mm-f-4-l-is-usm-1172090470/","Canon Objektiv EF 24-105mm f/4 L IS USM","790.00","2021-12-08"
"/fr/a/canon-zoom-ef-70-300mm-f-4.5-5.6-1162571052/","Canon Zoom EF 70-300mm f/4.5-5.6","450.00","2021-12-08"
"/fr/a/canon-ef-s-60mm-f-2.8-macro-usm-1187362020/","CANON EF-S 60mm F/2.8 Macro USM","350.00","2021-12-08"
"/fr/a/canon-ef-m-15-45mm-f-3.5-6.3-is-stm-1186182866/","Canon EF-M 15-45mm f/3.5-6.3 IS STM","150.00","2021-12-08"
"/fr/a/canon-ef-m-15-45mm-f-3.5-6.3-is-stm-1186331486/","Canon EF-M 15-45mm f/3.5-6.3 IS STM","299.00","2021-12-08"
"/fr/a/canon-ef-s-10-22mm-3.5-4.5-occasion-1166410970/","Canon EF-S 10-22mm 3.5-4.5 Occasion","390.00","2021-12-08"
"/fr/a/canon-ef-22-55mm-f4-5.6-usm-1177904890/","Canon EF 22-55mm f4-5.6 USM","60.00","2021-12-08"
"/fr/a/canon-lens-ef-24-105mm-f4-1187195708/","Canon lens EF 24-105mm F4","590.00","2021-12-08"
"/fr/a/ef-s-10-22mm-f-3.5-4.5-usm-1186328960/","EF-S 10-22mm f/3.5-4.5 USM","619.00","2021-12-08"
"/fr/a/canon-ef-90-300-1-4.5-5.6-1166161710/","Canon EF 90-300 1:4.5-5.6","179.90","2021-12-08"
"/fr/a/canon-et-73-(ef-100mm-f2.8l-macrois-usm)-1117136098/","Canon ET-73 (EF 100mm f2.8L MacroIS USM)","40.00","2021-12-08"
"/fr/a/canon-ew-83f-(ef-24%E2%80%9370mm-f-2.8l-usm)-1117138932/","Canon EW-83F (EF 24–70mm f/2.8L USM)","40.00","2021-12-08"
"/fr/a/canon-ew-83l-(ef-24-70mm-f-4l-is-usm)-1117125548/","Canon EW-83L (EF 24-70mm f/4L IS USM)","30.00","2021-12-08"
"/fr/a/canon-ew-63-(ef-28mm-ef-28%E2%80%93105mm)-1117134852/","Canon EW-63 (EF 28mm/EF 28–105mm)","20.00","2021-12-08"
"/fr/a/canon-et-73b-(ef-70%E2%80%93300mm-f-4%E2%80%935.6l)-1117124670/","Canon ET-73B (EF 70–300mm f/4–5.6L)","40.00","2021-12-08"
"/fr/a/canon-et-73b-(ef-70%E2%80%93300mm-f-4%E2%80%935.6l)-1117119536/","Canon ET-73B (EF 70–300mm f/4–5.6L)","40.00","2021-12-08"
"/fr/a/canon-ew-83f-(ef-24%E2%80%9370mm-f-2.8l-usm)-1117121100/","Canon EW-83F (EF 24–70mm f/2.8L USM)","40.00","2021-12-08"
"/fr/a/canon-ef-50mm-f-1.8-ii-1192581238/","Canon EF 50mm f/1.8 II","79.00","2021-12-08"
"/fr/a/canon-ef-70-300mm-1-4.5-5.6-do-is-usm-1192583988/","Canon EF 70-300mm 1:4.5-5.6 DO IS USM","399.00","2021-12-08"
"/fr/a/canon-extender-ef-1.4x-carton-seul-1189515370/","Canon Extender EF 1.4x - Carton seul","6.90","2021-12-08"
"/fr/a/*****-mode-d'emploi-canon-ef-s-10-18mm-1189515154/","***** Mode d'emploi Canon EF-S 10-18mm","4.90","2021-12-08"
"/fr/a/samyang-21-mm-f-1.4-fuer-canon-ef-m-1182982902/","Samyang 21 mm f/1.4 für Canon EF M","390.00","2021-12-08"
"/fr/a/restposten-augenmuschel-eycup-ef-canon-1191099662/","Restposten Augenmuschel Eycup EF  Canon","9.90","2021-12-08"
"/fr/a/canon-eos-80d-mit-objektiv-ef-s-15%E2%80%9385mm-1192112068/","Canon EOS 80D mit Objektiv EF-S 15–85mm","799.00","2021-12-08"
"/fr/a/restposten-augenmuschel-eycup-ef-canon-1191099664/","Restposten Augenmuschel Eycup EF  Canon","9.90","2021-12-08"
"/fr/a/canon-20d-ef-s-18-55mm-f3.5-5.6-ii-1164368702/","Canon 20D + EF-S 18-55mm f3.5-5.6 II","150.00","2021-12-08"
"/fr/a/canon-ew-88c-(ef-24-70mm-f-2.8l-ii-usm)-1117143838/","Canon EW-88C (EF 24-70mm f/2.8L II USM)","30.00","2021-12-08"
"/fr/a/canon-ef-s-55-250mm-f-4-5.6-is-1192014946/","Canon EF-S 55-250mm f/4-5.6 IS","119.00","2021-12-08"
"/fr/a/67mm-objektivdeckel-usm-zu-canon-ef-ef-s-1192521464/","67mm Objektivdeckel USM zu Canon EF EF-S","6.90","2021-12-08"
"/fr/a/52mm-objektivdeckel-usm-zu-canon-ef-ef-s-1192521304/","52mm Objektivdeckel USM zu Canon EF EF-S","6.90","2021-12-08"
"/fr/a/72mm-objektivdeckel-usm-zu-canon-ef-ef-s-1192521504/","72mm Objektivdeckel USM zu Canon EF EF-S","6.90","2021-12-08"
"/fr/a/58mm-objektivdeckel-usm-zu-canon-ef-ef-s-1192521364/","58mm Objektivdeckel USM zu Canon EF EF-S","6.90","2021-12-08"
"/fr/a/77mm-objektivdeckel-usm-zu-canon-ef-ef-s-1192521556/","77mm Objektivdeckel USM zu Canon EF EF-S","6.90","2021-12-08"
"/fr/a/objektivdeckel-usm-zu-canon-ef-ef-s-1192523864/","Objektivdeckel USM zu Canon EF EF-S","6.90","2021-12-08"
"/fr/a/sigma-objektiv-85mm-f-1.4-ex-dg-hsm-1192514820/","Sigma Objektiv 85mm f/1.4 EX DG HSM","350.00","2021-12-08"
"/fr/a/canon-eos-90d-kit-ef-s-18-135mm-is-usm-1192327810/","CANON  EOS 90D Kit, EF-S 18-135mm IS USM","960.00","2021-12-08"
"/fr/a/sigma-art-14mm-1.8-dg-hsm-fuer-canon-ef-1192667942/","Sigma Art 14mm 1.8 DG HSM für Canon EF","848.00","2021-12-08"
"/fr/a/canon-ef-70-200mm-f-4l-is-ii-usm-1192468476/","Canon EF 70-200mm f/4L IS II USM","799.00","2021-12-08"
"/fr/a/sigma-18-50-f2.8-4.5-dc-os-hsm-fuer-canon-1192061330/","Sigma 18-50 f2.8-4.5 DC OS HSM für Canon","69.00","2021-12-08"
"/fr/a/canon-ef-24-70mm-f-2.8l-usm-24-70-mm-2.8-1192346872/","CANON EF 24-70mm F/2.8L USM 24-70 mm 2.8","489.00","2021-12-08"
"/fr/a/canon-ef-24-70mm-f-2.8l-usm-24-70-mm-2.8-1191900384/","CANON EF 24-70mm F/2.8L USM 24-70 mm 2.8","729.00","2021-12-08"
"/fr/a/canon-ef-100-400mm-f-4.5-5.6l-is-usm-1192699114/","Canon EF 100-400mm f/4.5-5.6L IS USM","949.00","2021-12-08"
"/fr/a/canon-ef-s-18-55mm-f-3.5-5.6-is-1192796308/","Canon EF-S 18-55mm f/3.5-5.6 IS","59.00","2021-12-08"
"/fr/a/sigma-ex-10mm-2.8-fisheye-hsm-objektiv-1192466234/","Sigma EX 10mm 2.8 Fisheye HSM Objektiv","400.00","2021-12-08"
"/fr/a/canon-eos-80d-mit-ef-s-18-135mm-f-3.5-5-1192696478/","Canon EOS 80d mit EF-S 18-135mm F/3.5-5","880.00","2021-12-08"
"/fr/a/sigma-20mm-f-1.4-dg-hsm-art-1192662440/","SIGMA 20mm f/1.4 DG HSM Art","700.00","2021-12-08"
"/fr/a/sigma-objektiv-8-16mm-f-4.5-5.6-dc-hsm-1188639082/","Sigma Objektiv 8-16mm, f/4.5-5.6 DC HSM","399.00","2021-12-08"
"/fr/a/sigma-8-16mm-f-4-5-5-6-canon-ef-s-mount-1192372514/","Sigma 8-16mm f/4,5-5,6 Canon EF-S Mount","380.00","2021-12-08"
"/fr/a/tamron-28-75mm-1-2.8-1192468072/","Tamron 28-75mm 1:2.8","60.00","2021-12-08"
"/fr/a/laowa-25mm-f-2-8-ultra-macro-2-5-5x-1192573622/","Laowa 25mm f/2,8 Ultra Macro 2,5-5x","400.00","2021-12-08"
"/fr/a/sigma-usb-dock-fuer-canon-ef-bajonett-1192786204/","Sigma USB Dock für Canon EF-Bajonett","27.00","2021-12-08"
"/fr/a/canon-ef-50mm-f-1.4-usm-objektiv-1191103610/","CANON EF 50mm F/1.4 USM -  Objektiv","219.00","2021-12-08"
"/fr/a/canon-ef-s-15-85mm-f-3.5-5.6-is-usm-1191177712/","CANON EF-S 15-85mm F/3.5-5.6 IS USM","279.00","2021-12-08"
"/fr/a/canon-ef-100mm-f-2.8-l-macro-is-usm-1191178264/","CANON EF 100mm F/2.8 L Macro IS USM","679.00","2021-12-08"
"/fr/a/canon-ef-24-70mm-f-4.0-l-is-usm-objektiv-1191297220/","CANON EF 24-70mm F/4.0 L IS USM Objektiv","489.00","2021-12-08"
"/fr/a/canon-ef-24-70mm-f-4.0-l-is-usm-objektiv-1191297220/","CANON EF 24-70mm F/4.0 L IS USM Objektiv","489.00","2021-12-08"
"/fr/a/canon-ef-s-17-85mm-f-4.0-5.6-is-usm-1191177820/","CANON EF-S 17-85mm F/4.0-5.6 IS USM","55.00","2021-12-08"
"/fr/a/canon-extender-ef-1.4x-iii-konverter-mk3-1190426922/","CANON Extender EF 1.4x III Konverter Mk3","339.00","2021-12-08"
"/fr/a/canon-ef-s-18-55mm-f-4-5.6-is-stm-1190427136/","CANON EF-S 18-55mm F/4-5.6 IS STM","99.00","2021-12-08"
"/fr/a/canon-ef-70-300mm-f-4.0-5.6-is-usm-1191805634/","CANON EF 70-300mm F/4.0-5.6 IS USM","219.00","2021-12-08"
"/fr/a/canon-ef-75-300mm-f-4.0-5.6-is-usm-1191178162/","CANON EF 75-300mm F/4.0-5.6 IS USM","79.00","2021-12-08"
"/fr/a/canon-ef-s-18-55mm-f-3.5-5.6-iii-zoom-1191177884/","CANON EF-S 18-55mm F/3.5-5.6 III Zoom","65.00","2021-12-08"
"/fr/a/canon-macro-lens-ef-100mm-1-2.8-1190861578/","Canon Macro Lens EF 100mm 1:2.8","599.00","2021-12-08"
"/fr/a/canon-eos-60d-und-3-objektive-1192050158/","Canon EOS 60D und 3 Objektive","650.00","2021-12-08"
"/fr/a/canon-ef-s-18-200mm-f-3.5-5.6-is-1191730216/","CANON EF-S 18-200mm F/3.5-5.6 IS","249.00","2021-12-08"
"/fr/a/canon-ef-24-70-mm-2.8-l-usm-1191857380/","Canon EF 24-70 mm 2.8 L USM","789.00","2021-12-08"
"/fr/a/canon-ef-800%C2%A0tele-objektiv-(grau)-koffer-1190460920/","CANON EF 800 Tele-Objektiv (Grau) Koffer","349.00","2021-12-08"
"/fr/a/canon-ef-s-15-85mm-f-3.5-5.6-is-usm-1190761022/","CANON EF-S 15-85mm f/3.5-5.6 IS USM","259.00","2021-12-08"
"/fr/a/canon-ef-70-300mm-f-4.0-5.6-is-usm-1190762004/","Canon EF 70-300mm f/4.0-5.6 IS USM","249.00","2021-12-08"
"/fr/a/canon-ef-24-105mm-f4l-is-usm-1191388148/","CANON EF 24-105MM F4L IS USM","519.00","2021-12-08"
"/fr/a/canon-ef-s-17-55-mm-f-2-8-is-usm-1190761156/","CANON EF-S 17 - 55 mm f/2,8 IS USM","429.00","2021-12-08"
"/fr/a/canon-ef-50mm-f-1.4-usm-1190760478/","Canon EF 50mm f/1.4 USM","239.00","2021-12-08"
"/fr/a/metabones-adapter-canon-ef-sony-e-1192713628/","Metabones Adapter Canon EF -  Sony E","140.00","2021-12-08"
"/fr/a/canon-eos-7d-ef-24-105mm-f4-l-is-usm-1192254254/","Canon EOS 7d + EF 24-105mm f4 L IS USM","690.00","2021-12-08"
"/fr/a/sigma-dg-150-500mm-apo-canon-ef-1191726850/","Sigma DG 150-500mm APO Canon EF","590.00","2021-12-08"
"/fr/a/canon-ef-50mm-f-1.8-1191387838/","Canon EF 50mm f/1.8","89.00","2021-12-08"
"/fr/a/canon-ef-s-17-55mm-f-2.8-is-usm-zoom-1191721852/","CANON EF-S 17-55mm F/2.8 IS USM Zoom","339.00","2021-12-08"
"/fr/a/tamron-28-200-f3.5-5.6-fuer-canon-ef-moun-1190604808/","Tamron 28-200 f3.5-5.6 für Canon EF Moun","89.00","2021-12-08"
"/fr/a/canon-ef-70-200mm-f-4.0l-is-usm-zoom-1189165938/","CANON EF 70-200mm F/4.0L IS USM Zoom","549.00","2021-12-08"
"/fr/a/canon-ef-11-24mm-f-4.0l-usm-f4-l-zoom-ob-1188667910/","CANON EF 11-24mm F/4.0L USM f4 L Zoom Ob","1'999.00","2021-12-08"
"/fr/a/canon-ef-28mm-f-2.8-objektiv-1189640986/","CANON EF 28mm f/2.8 Objektiv","219.00","2021-12-08"
"/fr/a/canon-ef-20mm-f-2.8-usm-objektiv-1189266640/","CANON EF 20mm F/2.8 USM - Objektiv","329.00","2021-12-08"
"/fr/a/canon-eos-400d-ef-s-18-55mm-zubehoer-1192687832/","Canon EOS 400D + EF-S 18-55mm + Zubehör","139.90","2021-12-08"
"/fr/a/canon-ef-s-10-22mm-f-3.5-4.5-usm-1188869292/","CANON EF-S 10-22mm F/3.5-4.5 USM","299.00","2021-12-08"
"/fr/a/canon-ef-50mm-f-1.4-usm-1192464378/","Canon EF 50mm f/1.4 USM","185.00","2021-12-08"
"/fr/a/canon-ef-s-18-200mm-f3.5-5.6-is-1189451576/","Canon EF-S 18-200mm F3.5-5.6 is","239.00","2021-12-08"
"/fr/a/canon-ef-s%C2%A0-18-135-mm-f-3.5-5.6-is-1189469078/","Canon EF-S  18-135 mm - F/3.5-5.6 iS","179.00","2021-12-08"
"/fr/a/canon-ef-70-300mm-f-4.0-5.6-is-usm-1189468842/","Canon EF 70-300mm f/4.0-5.6 IS USM","219.00","2021-12-08"
"/fr/a/canon-ef-s-18-135mm-f-3.5-5.6-is-stm-1189469302/","Canon EF-S 18-135mm f/3.5-5.6 IS STM","219.00","2021-12-08"
"/fr/a/canon-ef-75-300-mm-f-4.0-5.6-iii-1189471164/","CANON EF 75-300 mm f/4.0-5.6 III","129.00","2021-12-08"
"/fr/a/canon-ef-s-60mm-f-2.8-macro-usm-1189470226/","Canon EF-S 60mm f/2.8 Macro USM","219.00","2021-12-08"
"/fr/a/canon-ef-s-17-85mm-f-4.0-5.6-is-usm-1189640778/","CANON EF-S 17-85mm F/4.0-5.6 IS USM","119.00","2021-12-08"
"/fr/a/canon-eos-77d-ef-s-18-55mm-1-3.5-5.6-lll-1192757278/","Canon EOS 77D EF-S 18-55mm 1:3.5-5.6 lll","607.00","2021-12-08"
"/fr/a/canon-ef-24-105mm-f-4.0-l-is-usm-1189470602/","CANON EF 24-105mm F/4.0 L IS USM","499.00","2021-12-08"
"/fr/a/canon-ef-100-300mm-f-4.5-5.6-usm-1189471768/","Canon Ef 100-300mm F/4.5-5.6 USM","119.00","2021-12-08"
"/fr/a/canon-ef-50mm-f-2.5-makro-objektiv-1142505614/","Canon EF 50mm f/2.5 Makro Objektiv","219.00","2021-12-08"
"/fr/a/canon-ef-s-18-200mm-f-3.5-5.6-is-1175350710/","CANON EF-S 18-200mm F/3.5-5.6 IS","159.00","2021-12-08"
"/fr/a/canon-ef-70-200mm-f-2.8l-usm-70-200-1187774000/","CANON EF 70-200mm F/2.8L USM 70-200","789.00","2021-12-08"
"/fr/a/canon-ef-28-300mm-f-3.5-5.6l-is-usm-1187773922/","CANON EF 28-300mm F/3.5-5.6L IS USM","1'499.00","2021-12-08"
"/fr/a/phottix%C2%AE-sonnenblende-canon-ew-73b-1188120636/","PHOTTIX® Sonnenblende CANON EW-73B","10.90","2021-12-08"
"/fr/a/canon-ef-24mm-f-1.4l-ii-usm-objektiv-1187773644/","CANON EF 24mm F/1.4L II USM - Objektiv","1'049.00","2021-12-08"
"/fr/a/canon-ef-70-200mm-f-2.8l-is-ii-usm-mk-2-1182679588/","CANON EF 70-200mm F/2.8L IS II USM Mk 2","1'099.00","2021-12-08"
"/fr/a/m42-objekt-auf-canon-eos-kamera-ef-ef-s-1192522862/","M42 Objekt auf Canon EOS Kamera EF EF-S","15.00","2021-12-08"
"/fr/a/canon-ef-s-18-135mm-f-3.5-5.6-is-stm-1187953682/","CANON EF-S 18-135mm F/3.5-5.6 IS STM","179.00","2021-12-08"
"/fr/a/canon-objektiv-zoom-ef-70-200-mm-f-4.0l-1180393944/","Canon Objektiv Zoom EF 70-200 mm f/4.0L","646.00","2021-12-08"
"/fr/a/canon-objektiv-zoom-ef-70-300-mm-f-4.5-5-1180393946/","Canon Objektiv Zoom EF 70-300 mm f/4.5-5","998.00","2021-12-08"
"/fr/a/canon-objektiv-zoom-ef-m-18-150mm-3.5-6.-1180393954/","Canon Objektiv Zoom EF-M 18-150mm 3.5-6.","397.00","2021-12-08"
"/fr/a/canon-objektiv-zoom-ef-m-18-150mm-3.5-6.-1180393952/","Canon Objektiv Zoom EF-M 18-150mm 3.5-6.","478.00","2021-12-08"
"/fr/a/canon-objektiv-zoom-ef-m-15-45-mm-f-3.5-1180393948/","Canon Objektiv Zoom EF-M 15-45 mm f/3.5-","277.00","2021-12-08"
"/fr/a/canon-ef-70-200mm-f-2.8l-is-ii-usm-mk-2-1186166964/","CANON EF 70-200mm F/2.8L IS II USM Mk 2","1'049.00","2021-12-08"
"/fr/a/canon-ef-16-35mm-f-4.0l-is-usm-16-35-f4-1183644756/","CANON EF 16-35mm F/4.0L IS USM 16-35 f4","725.00","2021-12-08"
"/fr/a/canon-eos-700d-kit-1192088032/","Canon EOS 700D Kit","1'300.00","2021-12-08"
"/fr/a/canon-ef-24-105mm-f-4.0-l-is-usm-zoom-1183645016/","CANON EF 24-105mm F/4.0 L IS USM - Zoom","429.00","2021-12-08"
"/fr/a/canon-ef-s-55-250mm-f-4.0-5.6-is-zoom-1186166570/","CANON EF-S 55-250mm F/4.0-5.6 IS Zoom","89.00","2021-12-08"
"/fr/a/canon-ef-70-200mm-f-4.0l-usm-objektiv-1180860032/","CANON EF 70-200mm F/4.0L USM Objektiv","459.00","2021-12-08"
"/fr/a/canon-ef-s-55-250mm-f-4.0-5.6-is-zoom-1179288042/","CANON EF-S 55-250mm F/4.0-5.6 IS Zoom","85.00","2021-12-08"
"/fr/a/canon-ef-s-55-250mm-f-4.0-5.6-is-zoom-1179288042/","CANON EF-S 55-250mm F/4.0-5.6 IS Zoom","85.00","2021-12-08"
"/fr/a/sonnenblendecanon-es-62-c-62-ef-50mm-1188123100/","SonnenblendeCANON ES-62 / C-62 EF-50mm","7.90","2021-12-08"
"/fr/a/jjc-lh-67b-gegenlichtblende-typ-canon-1188122968/","JJC LH-67B Gegenlichtblende Typ CANON","15.90","2021-12-08"
"/fr/a/canon-ef-lens-work-iii-1135945134/","CANON EF Lens Work III","30.00","2021-12-08"
"/fr/a/metabones-adapter-canon-ef-sony-e-1192713628/","Metabones Adapter Canon EF -  Sony E","140.00","2021-12-08"
"/fr/a/jjc%C2%AE-lh-83l-fuer-canon-ef-24-70mm-f-4l-is-1188120334/","JJC® LH-83L für CANON EF 24-70mm f/4L IS","19.90","2021-12-08"
"/fr/a/canon-ef-focusing-screen-d-mattscheibe-1192630820/","CANON Ef Focusing Screen D Mattscheibe","18.00","2021-12-08"
"/fr/a/jeu-de-3-bagues-macro-intermediaires-1183113704/","Jeu de 3 bagues macro intermédiaires","39.90","2021-12-08"
"/fr/a/makro-objektiv-canon-ef-50mm-f-2.5-1188200764/","Makro-Objektiv Canon EF 50mm f/2.5","210.00","2021-12-08"
"/fr/a/phottix%C2%AEsonnenblende-canon-ew-78d-1188122616/","PHOTTIX®Sonnenblende CANON EW-78D","10.90","2021-12-08"
"/fr/a/canon-zoom-lens-ef-100-300-mm-1-5-6-ge-1188258012/","CANON ZOOM LENS EF 100 - 300 MM 1:5,6 GE","120.00","2021-12-08"
"/fr/a/canon-ef-70-200mm-f-2.8l-is-ii-usm-1187572640/","Canon EF 70-200mm F/2.8L IS II USM","1'169.00","2021-12-08"
"/fr/a/sigma-ex-28-70mm-f-2.8-aspherical-df-1183467374/","Sigma EX 28-70mm F/2.8 Aspherical DF","75.00","2021-12-08"
"/fr/a/tamron-af-70-300mm-f-4.0-5.6-tele-macro-1182168930/","Tamron AF 70-300mm F/4.0-5.6 Tele-Macro","65.00","2021-12-08"
"/fr/a/canon-extender-ef-1.4x-iii-1187588112/","Canon Extender EF 1.4x III","339.00","2021-12-08"
"/fr/a/canon-eos-1200d-ef-s-18-55mm-is-ii-kit-t-1192327942/","Canon EOS 1200D EF-S 18-55mm IS II Kit T","299.00","2021-12-08"
"/fr/a/canon-ef-50mm-f-1.2l-usm-1187571954/","Canon EF 50mm f/1.2L USM","899.00","2021-12-08"
"/fr/a/canon-ef-28-300mm-f-3.5-5.6l-is-usm-1185808508/","Canon EF 28-300mm f/3.5-5.6L IS USM","729.00","2021-12-08"
"/fr/a/canon-ef-s-18-135mm-f-3.5-5.6-is-stm-1175930694/","Canon EF-S 18-135mm f/3.5-5.6 IS STM","229.00","2021-12-08"
"/fr/a/tamron-sp-35mm-f-1.8-di-vc-usd-canon-ef-1111309068/","Tamron SP 35mm f/1.8 DI VC USD, Canon EF","510.00","2021-12-08"
"/fr/a/canon-ef-50mm-f-1.4-usm-1187603558/","CANON EF 50mm F/1.4 USM","229.00","2021-12-08"
"/fr/a/sigma-ex-dc-hsm-30mm-f1.4-f.canon-ef-s-1182352640/","Sigma EX DC HSM 30mm f1.4 f.Canon EF-S","210.00","2021-12-08"
"/fr/a/canon-ef-s-18-135mm-f-3.5-5.6-is-usm-1178004568/","CANON EF-S 18 - 135mm f/3.5 - 5.6 IS USM","299.00","2021-12-08"
"/fr/a/canon-ef-m-15-45mm-f-3.5-6.3-is-stm-1187617856/","CANON EF-M 15-45mm f/3.5-6.3 IS STM","172.00","2021-12-08"
"/fr/a/canon-ef-80-200mm-1-4.5-5.6-ii-1188137068/","Canon EF 80-200mm 1:4.5-5.6 II","45.00","2021-12-08"
"/fr/a/augenmuschel-ef-fuer-canon-750d-700d-650d-1192521826/","Augenmuschel Ef für Canon 750D 700D 650D","8.90","2021-12-08"
"/fr/a/canon-ef-s-18-135mm-f-3.5-5.6-is-1146384034/","Canon EF-S 18-135mm f/3.5-5.6 IS","169.00","2021-12-08"
"/fr/a/tamron-sp-70-200mm-f-2.8-di-vc-usd-ovp-1185906826/","Tamron SP 70-200mm F/2.8 Di VC USD, OVP","645.00","2021-12-08"
"/fr/a/canon-ef-70-300-mm-f-4.0-5.6-is-usm-1180393884/","Canon EF 70-300 mm f/4.0-5.6 IS USM","475.00","2021-12-08"
"/fr/a/sigma-objektiv-8-16mm-f-4.5-5.6-dc-hsm-1188639082/","Sigma Objektiv 8-16mm, f/4.5-5.6 DC HSM","399.00","2021-12-08"
"/fr/a/canon-ef-s-15-85mm-f-3.5-5.6-is-usm-lens-1125193256/","Canon EF-S 15-85mm f/3.5-5.6 IS USM Lens","299.00","2021-12-08"
"/fr/a/canon-objektiv-ef-50mm-f-1.2l-usm-1180393930/","Canon Objektiv EF 50mm f/1.2L USM","1'315.00","2021-12-08"
"/fr/a/canon-ef-20mm-f2.8-usm-1184404726/","Canon: EF 20mm F2.8 USM","301.00","2021-12-08"
"/fr/a/canon-ef-28-105-mm-usm-3-5-4-5-1187252014/","Canon EF 28-105 mm USM / 3,5-4,5","139.00","2021-12-08"
"/fr/a/sigma-10mm-f-2.8-ex-dc-hsm-diagonal-f-1178197254/","Sigma 10mm, f/2.8 EX DC HSM Diagonal-F","299.00","2021-12-08"
"/fr/a/canon-eos-m50-mark-ii-ef-m-15-45-kit-1192435024/","CANON EOS M50 Mark II + EF-M 15-45 Kit","499.00","2021-12-08"
"/fr/a/canon-ef-40mm-1186109860/","Canon EF 40mm","128.00","2021-12-08"
"/fr/a/canon-ef-80-200mm-1-4.5-5.6-ii-1162704282/","Canon EF 80-200mm 1:4.5-5.6 II","79.00","2021-12-08"
"/fr/a/canon-ef-50-mm-f-1.4-usm-1175100124/","CANON EF 50 mm f/1.4 USM","239.00","2021-12-08"
"/fr/a/canon-ef-s-18-135mm-f-3.5-5.6-is-1187246006/","Canon EF-S 18-135mm f/3.5-5.6 IS","179.00","2021-12-08"
"/fr/a/tamron-sp-45mm-1.8-di-vc-usd-zu-canon-ef-1180137092/","Tamron SP 45mm 1.8 Di VC USD zu Canon EF","478.00","2021-12-08"
"/fr/a/canon-ef-80-200mm-1-4.5-5.6-ii-1159767180/","Canon EF 80-200mm 1:4.5-5.6 II","79.00","2021-12-08"
"/fr/a/canon-zoomobjektiv-ef-70-200mm-f2.8l-usm-1178293898/","Canon Zoomobjektiv EF 70-200mm f2.8L USM","989.00","2021-12-08"
"/fr/a/tripod-mount-ring-fuer-canon-ef-180mm-3.5-1154804540/","Tripod Mount Ring für Canon EF 180mm 3.5","33.00","2021-12-08"
"/fr/a/canon-eos-7d-kit-ef-s-18-55mm-1-3-5-5-1190766352/","Canon eos 7D Kit EF-S 18-55mm 1:3,5 - 5,","349.00","2021-12-08"
"/fr/a/canon-extender-ef-2x-iii-mk-3-konverter-1187303400/","CANON Extender EF 2x III MK 3 Konverter","339.00","2021-12-08"
"/fr/a/canon-ef-80-200mm-1-4.5-5.6-1114314872/","Canon EF 80-200mm 1:4.5-5.6","59.00","2021-12-08"
"/fr/a/zeiss-milvus-35mm-2.0-zu-canon-ef-1184899036/","Zeiss Milvus 35mm 2.0 zu Canon EF","799.00","2021-12-08"
"/fr/a/jjc%C2%AE-lh-78d-lens-hood-typ-canon-ew-78d-1188120332/","JJC® LH-78D Lens Hood Typ CANON EW-78D","15.90","2021-12-08"
"/fr/a/jjc-lh-63-gegenlichtblende-canon-et-63-1188122966/","JJC LH-63 Gegenlichtblende CANON ET-63","13.90","2021-12-08"
"/fr/a/jjc%C2%AE-lh-73-lens-hood-typ-canon-et-73-1188120328/","JJC® LH-73 Lens Hood Typ CANON ET-73","19.90","2021-12-08"
"/fr/a/k-f-objektiv-adapter-samsung-nx-eos-1155424776/","K&F Objektiv Adapter Samsung NX - EOS","25.00","2021-12-08"
"/fr/a/canon-ef-eos-r-steuerring-1192512734/","Canon EF-EOS R Steuerring","189.00","2021-12-08"
"/fr/a/canon-ef-24-105mm-f-4.0-l-is-usm-1187201650/","CANON EF 24-105mm F/4.0 L IS USM","499.00","2021-12-08"
"/fr/a/canon-80d-ef-1.8-50mm-ii-zubehoer-1191396846/","CANON 80D + EF 1.8/50mm II + Zubehör","425.00","2021-12-08"
"/fr/a/canon-lens-case-600b-for-canon-1187307754/","Canon Lens Case 600B for Canon","299.00","2021-12-08"
"/fr/a/jjc%C2%AE-3-teil-af-macro-zwischenringe-canon-1188120314/","JJC® 3-Teil AF-MACRO-Zwischenringe CANON","99.00","2021-12-08"
"/fr/a/adapter-canon-ef-zu-sony-e-mit-af-1106907388/","Adapter Canon EF zu Sony E, mit AF","79.90","2021-12-08"
"/fr/a/canon-sonnenblende-et-62ii-1101240608/","Canon Sonnenblende ET-62II","30.00","2021-12-08"
"/fr/a/canon-sonnenblende-ew-78ii-1101238872/","Canon Sonnenblende EW-78II","40.00","2021-12-08"
"/fr/a/canon-sonnenblende-ew-68b-1101263430/","Canon Sonnenblende EW-68B","30.00","2021-12-08"
"/fr/a/canon-sonnenblende-ew-68b-1101263430/","Canon Sonnenblende EW-68B","30.00","2021-12-08"
"/fr/a/canon-eos-500d-kit-ef-s-18-55-mm-f-1-1189452790/","Canon eos 500D Kit EF-S 18 - 55 mm f/ 1","169.00","2021-12-08"
"/fr/a/canon-eos-1100-d-ef-s18-55iii-kit-12.2-1188426022/","Canon EOS 1100 D EF-S18-55III Kit 12.2","425.00","2021-12-08"
"/fr/a/canon-eos-m6-ef-m-15-45mm-1189764322/","Canon EOS M6 +EF - M 15-45mm","600.00","2021-12-08"
"/fr/a/canon-eos-450d-kit-ef-s-18-55-mm-f-1-1189456202/","Canon eos 450D Kit EF-S 18 - 55 mm f/ 1:","149.00","2021-12-08"
"/fr/a/sigma-mc-11-adapter-canon-ef-an-sony-e-1192087948/","Sigma MC-11 Adapter Canon EF an Sony E","230.00","2021-12-08"
"/fr/a/canon-40d-canon-ef-1.8-50-mm-ii-1187578550/","CANON 40D  + CANON EF 1.8 / 50 mm II","79.00","2021-12-08"
"/fr/a/canon-eos-77d-ef-s-18-135mm-usm-1161426924/","Canon EOS 77D + EF-S 18-135mm USM","719.00","2021-12-08"
"/fr/a/canon-ef-mit-zoom-35-70mm-1181711892/","Canon EF Mit  Zoom: 35--70mm","200.00","2021-12-08"
"/fr/a/canon-eos-700-canon-ef-zoom-lens-35-80-1131311598/","Canon EOS 700 + Canon EF Zoom Lens 35-80","75.00","2021-12-08"
"/fr/a/linse-canon-ef-24-105mm-kaffeetasse-1192283978/","Linse Canon EF 24-105mm Kaffeetasse","8.00","2021-12-08"
"/fr/a/canon-ef-24-85mm-1-3.5-4.5-1165860260/","Canon EF 24-85mm 1:3.5-4.5","299.00","2021-12-08"
"/fr/a/canon-ef12-ii-und-ef-25-zwischenring-1190777326/","Canon EF12 II und EF 25 Zwischenring","145.00","2021-12-08"
"/fr/a/canon-eos-450d-ef-28-70mm-1178198650/","Canon EOS 450D EF 28-70mm","139.00","2021-12-08"
"/fr/a/canon-eos-60d%C2%A0ef-35-105mm-1187251340/","Canon eos 60D EF 35-105mm","319.00","2021-12-08"
"/fr/a/canon-eos-60d-kit-ef-s-18-551-3.-5-5.6-1157621002/","Canon eos 60D Kit EF-S 18 - 551:3.-5-5.6","339.00","2021-12-08"
"/fr/a/canon-eos-700d-kit-ef-s-18-55-mm-f-1-1168260888/","Canon eos 700D Kit EF-S 18 - 55 mm f/ 1:","299.00","2021-12-08"
"/fr/a/canon-eos-600d-kit-ef-s-18-55-mm-f-1187244690/","Canon eos 600D Kit EF-S 18 - 55 mm f/","239.00","2021-12-08"
"/fr/a/kipon-adapter-canon-ef-auf-m4-3-1177700348/","Kipon Adapter Canon EF auf m4/3","150.00","2021-12-08"
"/fr/a/canon-eos-60d-mit-canon-ef-s-18-55mm-f-3-1157571402/","Canon EOS 60D mit Canon EF-S 18-55mm f/3","349.00","2021-12-08"
"/fr/a/canon-eos-50d-ef-s-18-200mm-zubehoer-1176460108/","Canon EOS 50D + EF-S 18-200mm + Zubehör","349.00","2021-12-08"
"/fr/a/canon-eos-700d-ef-s-18-55mm-zubehoer-1177139390/","Canon EOS 700D + EF-S 18-55mm + Zubehör","399.00","2021-12-08"
"/fr/a/canon-eos-100d-ef-s-18-55mm-zubehoer-1182509342/","Canon EOS 100D + EF-S 18-55mm + Zubehör","259.90","2021-12-08"
"/fr/a/sony-eos-1000f-n-canon-ef-35-80-mkii-1166942578/","Sony EOS 1000F N + Canon EF 35-80 mkii","55.00","2021-12-08"
"/fr/a/canon-eos-500-analog-ef-35-135mm-1107669778/","Canon EOS 500 Analog EF 35-135mm","99.00","2021-12-08"
"/fr/a/canon-eos-1100d-1171521956/","Canon EOS 1100D","199.00","2021-12-08"
"/fr/a/canon-ef-deckel-fuer-kamerabody-1159114266/","Canon EF Deckel für Kamerabody","7.00","2021-12-08"
"/fr/a/restposten-sonnenblende-ew73b-ew-73b-1192012968/","Restposten Sonnenblende EW73B EW-73B","19.90","2021-12-08"
"/fr/a/canon-kamera-eos-m6-sw-ef-m-18-150-1180393904/","Canon Kamera EOS M6 sw & EF-M 18-150","698.00","2021-12-08"
"/fr/a/sigma-art-14mm-1.8-dg-hsm-fuer-canon-ef-1192667942/","Sigma Art 14mm 1.8 DG HSM für Canon EF","848.00","2021-12-08"
"/fr/a/canon-ef-s-18-200-mm-f3.5-5.6-is-1039730530/","Canon EF-S 18-200 mm f3.5-5.6 IS","330.00","2021-12-08"
"/fr/a/canon-m100-15-45mm-11-22mm-adapter-ef-1176695148/","Canon M100, 15-45mm, 11-22mm, Adapter EF","599.00","2021-12-08"
"/fr/a/canon-eos-m10-ef-m15-45-is-stm-kit-1108545606/","Canon EOS M10 / EF-M15-45 IS STM Kit","200.00","2021-12-08"
"/fr/a/canon-kamera-eos-m5-body-ef-m-18-150mm-1180393900/","Canon Kamera EOS M5 Body & EF-M 18-150mm","888.00","2021-12-08"
"/fr/a/restposten-sonnenblende-es68-es-68-1191101244/","Restposten Sonnenblende ES68 es-68","19.90","2021-12-08"
"/fr/a/restposten-sonnenblende-ew73b-ew-73b-1191813250/","Restposten Sonnenblende EW73B EW-73B","19.90","2021-12-08"
"/fr/a/restposten-sonnenblende-ew-63c-ew63c-1191101262/","Restposten Sonnenblende EW-63C EW63c","19.90","2021-12-08"
"/fr/a/restposten-sonnenblende-ew-63c-ew63c-1191101266/","Restposten Sonnenblende EW-63C EW63c","19.90","2021-12-08"
"/fr/a/restposten-sonnenblende-et-60-et60-1191101248/","Restposten Sonnenblende ET-60 ET60","25.00","2021-12-08"
"/fr/a/restposten-sonnenblende-et-60-et60-1191101256/","Restposten Sonnenblende ET-60 ET60","25.00","2021-12-08"
"/fr/a/canon-et-73b-gegenlichtblende-orginal-1170827618/","Canon ET-73B Gegenlichtblende Orginal","24.95","2021-12-08"
"/fr/a/canon-et-73-gegenlichtblende-orginal-1170200572/","Canon ET-73 Gegenlichtblende Orginal","19.90","2021-12-08"
"/fr/a/canon-et-73b-gegenlichtblende-orginal-1106705056/","Canon ET-73B Gegenlichtblende Orginal","24.95","2021-12-08"
"/fr/a/tamron-17-50mm-xr-diii-sp-ef-objektiv-1192816700/","Tamron 17-50mm XR DiII SP EF Objektiv","199.00","2021-12-08"
"/fr/a/tokina-11-16mm-f2.8-(if)-dx-ef-objektiv-1192817038/","Tokina 11-16mm f2.8 (IF) DX EF Objektiv","200.00","2021-12-08"
"/fr/a/tamron-100-400mm-f4.5-5.6-di-vc-usd-(ef)-1192459366/","Tamron 100-400mm f4.5-5.6 Di VC USD (EF)","650.00","2021-12-08"
"/fr/a/samyang-14-mm-t3.1-mk2-mit-ef-mount-1192464944/","Samyang 14 mm T3.1 MK2 mit EF Mount","300.00","2021-12-08"
"/fr/a/tokina-at-x-pro-dx-ii-11-16mm-f-2.8-ef-1192531494/","Tokina AT-X PRO DX II 11-16mm f/2.8 EF","250.00","2021-12-08"
"/fr/a/ef-augen-mushe-eyecup-gummi-1190756776/","EF Augen mushe eyecup Gummi","10.00","2021-12-08"
"/fr/a/67mm-makro-umkehr-ring-canon-eos-1186814368/","67mm Makro Umkehr Ring canon EOS","50.00","2021-12-08"
"/fr/a/67mm-makro-umkehr-ring-canon-eos-1186814370/","67mm Makro Umkehr Ring canon EOS","50.00","2021-12-08"
"/fr/a/canon-eos-1000d-kit-1191449076/","Canon EOS 1000D KIT","189.00","2021-12-08"
"/fr/a/55mm-makro-umkehr-ring-canon-eos-1186809820/","55mm Makro Umkehr Ring canon EOS","50.00","2021-12-08"
"/fr/a/55mm-makro-umkehr-ring-canon-eos-1186809822/","55mm Makro Umkehr Ring canon EOS","50.00","2021-12-08"
"/fr/a/58mm-makro-umkehr-ring-canon-eos-1186809828/","58mm Makro Umkehr Ring canon EOS","50.00","2021-12-08"
"/fr/a/58mm-makro-umkehr-ring-canon-eos-1186809830/","58mm Makro Umkehr Ring canon EOS","50.00","2021-12-08"
"/fr/a/58mm-makro-umkehr-ring-canon-eos-1186809832/","58mm Makro Umkehr Ring canon EOS","50.00","2021-12-08"
"/fr/a/58mm-makro-umkehr-ring-canon-eos-1186809834/","58mm Makro Umkehr Ring canon EOS","50.00","2021-12-08"
"/fr/a/ef-augen-mushe-eyecup-gummi-1187857278/","EF Augen mushe eyecup Gummi","10.00","2021-12-08"
"/fr/a/gegenlichtblende-fuer-canon-wie-ew-78d-1169388926/","Gegenlichtblende für Canon, wie EW-78D","11.00","2021-12-08"
"/fr/a/gegenlichtblende-fuer-canon-wie-ew-83f-1150933390/","Gegenlichtblende für Canon, wie EW-83F","10.00","2021-12-08"
"/fr/a/gegenlichtblende-fuer-canon-wie-ew-83f-1150933390/","Gegenlichtblende für Canon, wie EW-83F","10.00","2021-12-08"
"/fr/a/ef-70-210mm-70-210-mm-1-3.5-4.5-usm-1187247250/","EF 70-210mm 70-210 mm 1:3.5-4.5 USM","119.00","2021-12-08"
"/fr/a/canon-tripod-mount-ring-b-(b)-1145915322/","Canon Tripod Mount Ring B (B)","65.00","2021-12-08"
"/fr/a/77mm-makro-umkehr-ring-canon-eos-1186814394/","77mm Makro Umkehr Ring canon EOS","50.00","2021-12-08"
"/fr/a/77mm-makro-umkehr-ring-canon-eos-1187971932/","77mm Makro Umkehr Ring canon EOS","50.00","2021-12-08"
"/fr/a/52mm-makro-umkehr-ring-canon-eos-1186809804/","52mm Makro Umkehr Ring canon EOS","50.00","2021-12-08"
"/fr/a/52mm-makro-umkehr-ring-canon-eos-1186809806/","52mm Makro Umkehr Ring canon EOS","50.00","2021-12-08"
"/fr/a/72mm-makro-umkehr-ring-canon-eos-1186814372/","72mm Makro Umkehr Ring canon EOS","50.00","2021-12-08"
"/fr/a/72mm-makro-umkehr-ring-canon-eos-1186814376/","72mm Makro Umkehr Ring canon EOS","50.00","2021-12-08"
"/fr/a/canon-sonnenblende-ew-63ii-1101384342/","Canon Sonnenblende EW-63II","15.00","2021-12-08"
